3997.79833,0.02534847017
3995.86982,0.02472522932
3993.94131,0.02368074566
3992.01281,0.02277502857
3990.0843,0.02260808519
3988.15579,0.02284992502
3986.22728,0.02283055689
3984.29877,0.02235998967
3982.37026,0.02160823233
3980.44175,0.0209152939
3978.51325,0.02089118429
3976.58474,0.02140591105
3974.65623,0.02156948424
3972.72772,0.02120191315
3970.79921,0.02072320717
3968.8707,0.02043337574
3966.94219,0.02031242837
3965.01369,0.02016037547
3963.08518,0.02014722502
3961.15667,0.02021298756
3959.22816,0.01962767286
3957.29965,1.84E-02
3955.37114,0.01760385115
3953.44263,1.78E-02
3951.51413,1.82E-02
3949.58562,0.01866528817
3947.65711,0.01885371883
3945.7286,0.01863114242
3943.80009,0.01825756922
3941.87158,0.01785300955
3939.94307,0.0173474738
3938.01457,0.01735097334
3936.08606,0.01775351683
3934.15755,0.01745511575
3932.22904,1.65E-02
3930.30053,1.55E-02
3928.37202,1.47E-02
3926.44351,1.46E-02
3924.51501,1.53E-02
3922.5865,0.01608547257
3920.65799,0.01628075981
3918.72948,0.01617518892
3916.80097,0.01575877096
3914.87246,0.014981517
3912.94395,1.42E-02
3911.01544,1.37E-02
3909.08694,1.33E-02
3907.15843,0.01310436589
3905.22992,1.32E-02
3903.30141,1.35E-02
3901.3729,1.35E-02
3899.44439,1.33E-02
3897.51588,1.30E-02
3895.58738,1.26E-02
3893.65887,1.23E-02
3891.73036,1.20E-02
3889.80185,1.16E-02
3887.87334,1.13E-02
3885.94483,1.14E-02
3884.01632,1.11E-02
3882.08782,1.09E-02
3880.15931,1.11E-02
3878.2308,0.01185995726
3876.30229,0.01242838477
3874.37378,0.0124362197
3872.44527,0.01221347408
3870.51676,0.01200015997
3868.58826,0.01176629052
3866.65975,0.01183187576
3864.73124,0.0122269289
3862.80273,0.01248146214
3860.87422,0.01245548771
3858.94571,0.01246901786
3857.0172,0.01290206488
3855.0887,0.01381464215
3853.16019,0.01446675988
3851.23168,0.01452843151
3849.30317,0.01446966943
3847.37466,0.01473048607
3845.44615,0.01533089387
3843.51764,0.01609090531
3841.58914,0.01681053397
3839.66063,0.01755979019
3837.73212,0.01826868761
3835.80361,0.01879723877
3833.8751,0.01930545627
3831.94659,0.01999335271
3830.01808,0.0209209407
3828.08958,0.022028234
3826.16107,0.02321524305
3824.23256,0.02444198163
3822.30405,0.02553846244
3820.37554,0.02642469816
3818.44703,0.02745070154
3816.51852,0.0287664853
3814.59001,0.02993206218
3812.66151,0.03090744606
3810.733,0.03204264749
3808.80449,0.03340768037
3806.87598,0.03477255747
3804.94747,0.0360772916
3803.01896,0.03749189558
3801.09045,0.03884638222
3799.16195,0.03998076546
3797.23344,0.0410850559
3795.30493,0.04217926749
3793.37642,0.04318341307
3791.44791,0.04420750549
3789.5194,0.04529155759
3787.59089,0.04637558223
3785.66239,0.04739959337
3783.73388,0.04866639836
3781.80537,0.04991237901
3779.87686,0.05111833571
3777.94835,0.05222425562
3776.01984,0.05323012588
3774.09133,0.05423593366
3772.16283,0.05529166498
3770.23432,0.05631730926
3768.30581,0.05716285254
3766.3773,0.05784828198
3764.44879,0.05847358479
3762.52028,0.05911874813
3760.59177,0.05974375922
3758.66327,0.06026860414
3756.73476,0.06070327233
3754.80625,0.0612477499
3752.87774,0.0619320241
3750.94923,0.06245608217
3749.02072,0.06262991138
3747.09221,0.06276349899
3745.16371,0.0630668312
3743.2352,0.06307989753
3741.30669,0.06272268418
3739.37818,0.0625851785
3737.44967,0.06277736783
3735.52116,0.06290923957
3733.59265,0.06279078108
3731.66414,0.0624819798
3729.73564,0.06211282205
3727.80713,0.06191329749
3725.87862,0.06183339248
3723.95011,0.06167309453
3722.0216,0.06147239116
3720.09309,0.06128126991
3718.16458,0.06109971836
3716.23608,0.06096772302
3714.30757,0.06094527368
3712.37906,0.0609523569
3710.45055,0.06070896036
3708.52204,0.06020507177
3706.59353,0.05970067885
3704.66502,0.05942576939
3702.73652,0.05926033011
3700.80801,0.05898435095
3698.8795,0.05856781873
3696.95099,0.05818072133
3695.02248,0.05789304668
3693.09397,0.05777478274
3691.16546,0.0577959175
3689.23696,0.05770643795
3687.30845,0.05723633425
3685.37994,0.05657559346
3683.45143,0.05613420372
3681.52292,0.05593215321
3679.59441,0.05582943015
3677.6659,0.05582602281
3675.7374,0.05579191847
3673.80889,0.0554771075
3671.88038,0.05516157728
3669.95187,0.05488531622
3668.02336,0.05436831281
3666.09485,0.05379055556
3664.16634,0.05345203303
3662.23784,0.05324273283
3660.30933,0.0530526456
3658.38082,0.05292175905
3656.45231,0.05277006192
3654.5238,0.052547543
3652.59529,0.05246419115
3650.66678,0.05251999524
3648.73828,0.05232494328
3646.80977,0.05173902618
3644.88126,0.05112223201
3642.95275,0.05073454987
3641.02424,0.05053596893
3639.09573,0.05038647837
3637.16722,0.05020606747
3635.23871,0.05002472553
3633.31021,0.049942441
3631.3817,0.04998920515
3629.45319,0.05003500654
3627.52468,0.04973983471
3625.59617,0.04917367925
3623.66766,0.04873652982
3621.73915,0.04859837613
3619.81065,0.04856920708
3617.88214,0.04842901426
3615.95363,0.0481677867
3614.02512,0.04791551434
3612.09661,0.0477421872
3610.1681,0.04760779537
3608.23959,0.04742232899
3606.31109,0.04708577742
3604.38258,0.04670813264
3602.45407,0.04646938413
3600.52556,0.0463295223
3598.59705,0.04620853761
3596.66854,0.04604642061
3594.74003,0.0458631619
3592.81153,0.04566875136
3590.88302,0.04550318132
3588.95451,0.0454064418
3587.026,0.04526852368
3585.09749,0.0450094179
3583.16898,0.04472911549
3581.24047,0.04454760754
3579.31197,0.04443488445
3577.38346,0.04424093899
3575.45495,0.04396576169
3573.52644,0.04370934394
3571.59793,0.0435116772
3569.66942,0.043432753
3567.74091,0.04343256293
3565.81241,0.04330109797
3563.8839,0.04298835132
3561.95539,0.04269431407
3560.02688,0.04248897814
3558.09837,0.04227233552
3556.16986,0.04202437827
3554.24135,0.04183509853
3552.31284,0.04172448853
3550.38434,0.0416125399
3548.45583,0.04143924635
3546.52732,0.04123459968
3544.59881,0.04104859243
3542.6703,0.04089121722
3540.74179,0.04071246674
3538.81328,0.0405323338
3536.88478,0.04036081063
3534.95627,0.04016789143
3533.02776,0.0399735686
3531.09925,0.03982783527
3529.17074,0.03969068462
3527.24223,0.03955210996
3525.31372,0.03941210464
3523.38522,0.03922066157
3521.45671,0.03896777541
3519.5282,0.03872343921
3517.59969,0.03854764669
3515.67118,0.03839039166
3513.74267,0.03822166799
3511.81416,0.03808146966
3509.88566,0.03794979022
3507.95715,0.03779662484
3506.02864,0.03758196726
3504.10013,0.03737581179
3502.17162,0.03718815284
3500.24311,0.03702898494
3498.3146,0.03692830266
3496.3861,0.03688610024
3494.45759,0.03675237338
3492.52908,0.03649711647
3490.60057,0.03625032447
3488.67206,0.03607199244
3486.74355,0.03593211551
3484.81504,0.03580068891
3482.88654,0.03563770758
3480.95803,0.03546316773
3479.02952,0.03531706446
3477.10101,0.03518939339
3475.1725,0.03503015019
3473.24399,0.03482933067
3471.31548,0.03464693071
3469.38698,0.03454294595
3467.45847,0.03441737313
3465.52996,0.03424020809
3463.60145,0.03408144709
3461.67294,0.03392108647
3459.74443,0.03369912269
3457.81592,0.03349555231
3455.88741,0.03337037194
3453.95891,0.03326357808
3452.0304,0.0331251681
3450.10189,0.03295513864
3448.17338,0.03283348675
3446.24487,0.03273020953
3444.31636,0.03258530422
3442.38785,0.03239876812
3440.45935,0.03224059844
3438.53084,0.03211079312
3436.60233,0.03194934955
3434.67382,0.03180626544
3432.74531,0.03171153858
3430.8168,0.03161516688
3428.88829,0.03149714835
3426.95979,0.03139748091
3425.03128,0.03127616309
3423.10277,0.03111319301
3421.17426,0.03093856906
3419.24575,0.03082228974
3417.31724,0.03078435363
3415.38873,0.03071475943
3413.46023,0.03058350581
3411.53172,0.03045059187
3409.60321,0.03037601648
3407.6747,0.03031977873
3405.74619,0.0302418778
3403.81768,0.03015231296
3401.88917,0.0300610836
3399.96067,0.02993818916
3398.03216,0.0297936293
3396.10365,0.02966740364
3394.17514,0.02957951196
3392.24663,0.02953995414
3390.31812,0.02947873016
3388.38961,0.02936584008
3386.46111,0.0292312841
3384.5326,0.02916506245
3382.60409,0.02916717552
3380.67558,0.02923762377
3378.74707,0.02937640778
3376.81856,0.02948352822
3374.89005,0.02945898584
3372.96154,0.02934278151
3371.03304,0.02917491631
3369.10453,0.02897539109
3367.17602,2.88E-02
3365.24751,2.87E-02
3363.319,2.86E-02
3361.39049,2.85E-02
3359.46198,2.84E-02
3357.53348,2.83E-02
3355.60497,2.82E-02
3353.67646,2.81E-02
3351.74795,2.80E-02
3349.81944,2.79E-02
3347.89093,2.78E-02
3345.96242,2.77E-02
3344.03392,2.76E-02
3342.10541,2.76E-02
3340.1769,2.76E-02
3338.24839,2.74E-02
3336.31988,2.73E-02
3334.39137,2.72E-02
3332.46286,2.72E-02
3330.53436,2.71E-02
3328.60585,2.70E-02
3326.67734,2.70E-02
3324.74883,0.02697209056
3322.82032,2.69E-02
3320.89181,2.68E-02
3318.9633,2.67E-02
3317.0348,2.66E-02
3315.10629,2.66E-02
3313.17778,2.65E-02
3311.24927,2.64E-02
3309.32076,2.63E-02
3307.39225,2.62E-02
3305.46374,2.61E-02
3303.53524,2.60E-02
3301.60673,2.60E-02
3299.67822,2.59E-02
3297.74971,2.58E-02
3295.8212,2.58E-02
3293.89269,2.57E-02
3291.96418,2.57E-02
3290.03568,2.56E-02
3288.10717,2.55E-02
3286.17866,2.55E-02
3284.25015,0.02540655258
3282.32164,2.54E-02
3280.39313,2.53E-02
3278.46462,2.52E-02
3276.53611,2.52E-02
3274.60761,2.50E-02
3272.6791,0.02483482432
3270.75059,2.47E-02
3268.82208,2.46E-02
3266.89357,2.45E-02
3264.96506,2.44E-02
3263.03655,2.43E-02
3261.10805,2.42E-02
3259.17954,2.41E-02
3257.25103,2.40E-02
3255.32252,2.39E-02
3253.39401,2.37E-02
3251.4655,0.02364946531
3249.53699,2.36E-02
3247.60849,2.35E-02
3245.67998,2.34E-02
3243.75147,2.34E-02
3241.82296,2.33E-02
3239.89445,2.33E-02
3237.96594,2.32E-02
3236.03743,2.32E-02
3234.10893,2.32E-02
3232.18042,2.31E-02
3230.25191,2.30E-02
3228.3234,2.30E-02
3226.39489,2.30E-02
3224.46638,0.02298595274
3222.53787,0.02294067829
3220.60937,0.02283410967
3218.68086,0.02269625357
3216.75235,0.0225671189
3214.82384,0.02242671396
3212.89533,0.02227504708
3210.96682,0.0221221267
3209.03831,0.02189796133
3207.10981,0.0216725603
3205.1813,2.14E-02
3203.25279,2.12E-02
3201.32428,2.10E-02
3199.39577,2.08E-02
3197.46726,2.07E-02
3195.53875,2.05E-02
3193.61024,2.04E-02
3191.68174,2.03E-02
3189.75323,2.02E-02
3187.82472,2.01E-02
3185.89621,1.99E-02
3183.9677,0.01983452085
3182.03919,0.01975385909
3180.11068,0.01968208851
3178.18218,0.01959921957
3176.25367,0.01950526028
3174.32516,0.01937022123
3172.39665,0.01922411225
3170.46814,0.01908694322
3168.53963,0.0189287241
3166.61112,0.01877946488
3164.68262,0.01864917652
3162.75411,0.0185578674
3160.8256,0.01845554859
3158.89709,0.01832223034
3156.96858,0.01813792297
3155.04007,0.01792263684
3153.11156,0.0177063824
3151.18306,0.01745917104
3149.25455,0.01717101147
3147.32604,0.01681191522
3145.39753,1.64E-02
3143.46902,1.58E-02
3141.54051,0.0150191132
3139.612,1.51E-02
3137.6835,0.02253275955
3135.75499,0.0391082689
3133.82648,0.04967291729
3131.89797,0.04311671576
3129.96946,0.0318196754
3128.04095,0.02597180732
3126.11244,0.02331312271
3124.18394,0.02149363378
3122.25543,0.02022334985
3120.32692,0.01925228321
3118.39841,0.01845044523
3116.4699,0.01783784733
3114.54139,0.01742450098
3112.61288,0.01699041767
3110.68438,0.01635560997
3108.75587,0.01568008745
3106.82736,0.01515386275
3104.89885,0.01466694755
3102.97034,0.01415935357
3101.04183,0.01369109256
3099.11332,0.01326217632
3097.18481,0.0128426167
3095.25631,0.0124024266
3093.3278,0.01200161585
3091.39929,0.01162019746
3089.47078,0.0112081834
3087.54227,0.01076558569
3085.61376,1.04E-02
3083.68525,1.01E-02
3081.75675,9.77E-03
3079.82824,9.46E-03
3077.89973,9.11E-03
3075.97122,8.76E-03
3074.04271,8.39E-03
3072.1142,8.05E-03
3070.18569,7.75E-03
3068.25719,7.49E-03
3066.32868,7.26E-03
3064.40017,7.01E-03
3062.47166,6.73E-03
3060.54315,6.47E-03
3058.61464,6.24E-03
3056.68613,6.05E-03
3054.75763,5.87E-03
3052.82912,5.69E-03
3050.90061,5.51E-03
3048.9721,5.34E-03
3047.04359,5.16E-03
3045.11508,4.97E-03
3043.18657,4.80E-03
3041.25807,4.61E-03
3039.32956,0.004386763647
3037.40105,4.19E-03
3035.47254,4.02E-03
3033.54403,3.88E-03
3031.61552,3.71E-03
3029.68701,3.54E-03
3027.75851,3.40E-03
3025.83,3.32E-03
3023.90149,3.25E-03
3021.97298,3.17E-03
3020.04447,3.12E-03
3018.11596,0.003127212281
3016.18745,0.003161727825
3014.25895,0.003226136677
3012.33044,0.003320449433
3010.40193,0.003414680043
3008.47342,0.003508841347
3006.54491,0.00362294619
3004.6164,0.003717007417
3002.68789,0.00379103788
3000.75938,0.003815050429
2998.83088,0.004010940963
2996.90237,0.004236925683
2994.97386,0.004342889759
2993.04535,0.004398820339
2991.11684,0.004434704575
2989.18833,0.00444052962
2987.25982,0.004416282631
2985.33132,0.004401949652
2983.40281,0.004377520085
2981.4743,0.004322979984
2979.54579,0.004228316528
2977.61728,0.004143516903
2975.68877,0.004058568304
2973.76026,0.003963457933
2971.83176,3.84E-03
2969.90325,3.72E-03
2967.97474,3.67E-03
2966.04623,0.003791142042
2964.11772,4.07E-03
2962.18921,4.64E-03
2960.2607,0.005472081908
2958.3322,0.00650521689
2956.40369,0.007618076559
2954.47518,0.008680647143
2952.54667,0.009552915992
2950.61816,0.01008487048
2948.68965,0.01021649798
2946.76114,0.009977785914
2944.83264,0.00942872061
2942.90413,0.008669291704
2940.97562,0.007869485572
2939.04711,7.22E-03
2937.1186,6.95E-03
2935.19009,0.007177678854
2933.26158,8.02E-03
2931.33308,0.009244358487
2929.40457,0.01026202717
2927.47606,0.01058923159
2925.54755,0.0102259594
2923.61904,0.009632198321
2921.69053,9.28E-03
2919.76202,9.35E-03
2917.83351,9.85E-03
2915.90501,0.01062201894
2913.9765,0.01151562988
2912.04799,0.01233867875
2910.11948,0.01297115346
2908.19097,0.01341304197
2906.26246,0.01376433226
2904.33395,0.01411501236
2902.40545,0.01447506928
2900.47694,0.0148244932
2898.54843,0.01517327121
2896.61992,0.01554139149
2894.69141,0.01592884223
2892.7629,0.0163756117
2890.83439,0.01682168819
2888.90589,0.01725705901
2886.97738,0.01766171457
2885.04887,0.01799564227
2883.12036,0.01823883056
2881.19185,0.01835126796
2879.26334,0.01828294301
2877.33483,0.0180738443
2875.40633,0.0177939595
2873.47782,0.01755327925
2871.54931,0.01743179132
2869.6208,0.01742948447
2867.69229,0.01745634754
2865.76378,0.01737236941
2863.83527,0.01711753902
2861.90677,0.01670184438
2859.97826,0.01618527645
2858.04975,1.57E-02
2856.12124,1.54E-02
2854.19273,0.01542021823
2852.26422,1.56E-02
2850.33571,1.62E-02
2848.40721,0.01715690105
2846.4787,0.01833391071
2844.55019,0.01940996029
2842.62168,0.02030503934
2840.69317,0.02106913743
2838.76466,0.02178224419
2836.83615,0.02240434934
2834.90765,0.02294544173
2832.97914,0.02343551297
2831.05063,0.02383455205
2829.12212,0.02400254891
2827.19361,0.02393949354
2825.2651,0.02375537602
2823.33659,0.02354018648
2821.40808,0.0233539151
2819.47958,0.02326655131
2817.55107,0.02330808711
2815.62256,0.02337851205
2813.69405,0.02344781657
2811.76554,0.02358599121
2809.83703,0.02373302653
2807.90852,0.02366891322
2805.98002,0.02328364117
2804.05151,0.0228472028
2802.123,0.02254958817
2800.19449,0.02241078819
2798.26598,0.02233079388
2796.33747,0.02227959631
2794.40896,0.02224718662
2792.48046,0.02223355528
2790.55195,0.02223869509
2788.62344,0.02224259666
2786.69493,0.02226525142
2784.76642,0.02232665089
2782.83791,0.02242678664
2780.9094,0.02259565035
2778.9809,0.02289323303
2777.05239,0.02340952792
2775.12388,0.02428452621
2773.19537,0.02551821986
2771.26686,0.0267006009
2769.33835,0.02715166147
2767.40984,0.02668139376
2765.48134,0.0257997894
2763.55283,0.02502684207
2761.62432,0.02454254354
2759.69581,0.02425688634
2757.7673,0.02409986306
2755.83879,2.41E-02
2753.91028,2.41E-02
2751.98178,2.42E-02
2750.05327,2.42E-02
2748.12476,2.42E-02
2746.19625,2.42E-02
2744.26774,2.44E-02
2742.33923,2.45E-02
2740.41072,2.45E-02
2738.48221,2.44E-02
2736.55371,2.44E-02
2734.6252,2.44E-02
2732.69669,2.44E-02
2730.76818,2.45E-02
2728.83967,2.46E-02
2726.91116,2.47E-02
2724.98265,2.49E-02
2723.05415,2.50E-02
2721.12564,2.51E-02
2719.19713,2.52E-02
2717.26862,2.53E-02
2715.34011,2.54E-02
2713.4116,2.55E-02
2711.48309,2.56E-02
2709.55459,0.02569036771
2707.62608,2.58E-02
2705.69757,2.59E-02
2703.76906,2.60E-02
2701.84055,2.63E-02
2699.91204,2.66E-02
2697.98353,2.71E-02
2696.05503,0.02757394161
2694.12652,0.02777824019
2692.19801,0.02759097208
2690.2695,2.72E-02
2688.34099,2.70E-02
2686.41248,2.68E-02
2684.48397,2.68E-02
2682.55547,2.67E-02
2680.62696,2.67E-02
2678.69845,2.68E-02
2676.76994,0.02692592632
2674.84143,2.70E-02
2672.91292,2.70E-02
2670.98441,2.71E-02
2669.05591,0.02715007093
2667.1274,2.72E-02
2665.19889,2.73E-02
2663.27038,2.73E-02
2661.34187,2.74E-02
2659.41336,2.75E-02
2657.48485,2.77E-02
2655.55635,2.79E-02
2653.62784,2.82E-02
2651.69933,2.83E-02
2649.77082,2.84E-02
2647.84231,2.85E-02
2645.9138,2.85E-02
2643.98529,2.84E-02
2642.05678,2.82E-02
2640.12828,2.81E-02
2638.19977,2.80E-02
2636.27126,2.79E-02
2634.34275,2.79E-02
2632.41424,0.02785884668
2630.48573,2.79E-02
2628.55722,2.79E-02
2626.62872,2.80E-02
2624.70021,2.83E-02
2622.7717,2.86E-02
2620.84319,2.89E-02
2618.91468,2.88E-02
2616.98617,2.86E-02
2615.05766,2.83E-02
2613.12916,2.83E-02
2611.20065,2.84E-02
2609.27214,2.85E-02
2607.34363,2.87E-02
2605.41512,2.86E-02
2603.48661,2.84E-02
2601.5581,2.82E-02
2599.6296,2.80E-02
2597.70109,2.79E-02
2595.77258,2.79E-02
2593.84407,2.79E-02
2591.91556,2.79E-02
2589.98705,2.79E-02
2588.05854,2.79E-02
2586.13004,2.78E-02
2584.20153,2.78E-02
2582.27302,2.78E-02
2580.34451,2.78E-02
2578.416,2.78E-02
2576.48749,2.78E-02
2574.55898,2.77E-02
2572.63048,2.77E-02
2570.70197,0.02770049129
2568.77346,2.77E-02
2566.84495,2.77E-02
2564.91644,0.02759855948
2562.98793,0.02756129485
2561.05942,2.75E-02
2559.13091,2.75E-02
2557.20241,2.75E-02
2555.2739,2.75E-02
2553.34539,2.74E-02
2551.41688,2.73E-02
2549.48837,2.73E-02
2547.55986,2.72E-02
2545.63135,2.71E-02
2543.70285,2.70E-02
2541.77434,2.70E-02
2539.84583,2.69E-02
2537.91732,2.69E-02
2535.98881,2.68E-02
2534.0603,0.02680699129
2532.13179,2.68E-02
2530.20329,2.67E-02
2528.27478,2.66E-02
2526.34627,2.65E-02
2524.41776,2.64E-02
2522.48925,2.64E-02
2520.56074,2.63E-02
2518.63223,2.62E-02
2516.70373,2.62E-02
2514.77522,2.61E-02
2512.84671,2.60E-02
2510.9182,0.02594476998
2508.98969,0.0258627744
2507.06118,2.58E-02
2505.13267,2.58E-02
2503.20417,2.58E-02
2501.27566,2.59E-02
2499.34715,2.60E-02
2497.41864,0.0264186597
2495.49013,0.02710599875
2493.56162,0.0281418355
2491.63311,0.02905617557
2489.70461,0.02905902515
2487.7761,0.02804038901
2485.84759,0.02676027353
2483.91908,0.02581868466
2481.99057,2.52E-02
2480.06206,2.49E-02
2478.13355,2.46E-02
2476.20505,2.44E-02
2474.27654,2.42E-02
2472.34803,2.40E-02
2470.41952,0.02390682705
2468.49101,2.38E-02
2466.5625,2.38E-02
2464.63399,2.40E-02
2462.70548,2.44E-02
2460.77698,0.02514698232
2458.84847,0.02612682094
2456.91996,0.02700527861
2454.99145,0.02716236257
2453.06294,0.02640808012
2451.13443,0.02527243868
2449.20592,0.0242754457
2447.27742,0.02354710942
2445.34891,2.30E-02
2443.4204,2.26E-02
2441.49189,2.23E-02
2439.56338,2.20E-02
2437.63487,2.18E-02
2435.70636,2.16E-02
2433.77786,2.15E-02
2431.84935,2.14E-02
2429.92084,2.13E-02
2427.99233,2.11E-02
2426.06382,2.10E-02
2424.13531,0.02081509549
2422.2068,2.07E-02
2420.2783,2.06E-02
2418.34979,2.05E-02
2416.42128,2.05E-02
2414.49277,2.05E-02
2412.56426,2.04E-02
2410.63575,2.01E-02
2408.70724,1.98E-02
2406.77874,1.96E-02
2404.85023,1.93E-02
2402.92172,0.01915297127
2400.99321,1.90E-02
2399.0647,0.01883559223
2397.13619,0.01867521672
2395.20768,1.85E-02
2393.27918,1.83E-02
2391.35067,1.82E-02
2389.42216,1.80E-02
2387.49365,0.01785686387
2385.56514,0.01768996607
2383.63663,0.01752201561
2381.70812,0.01735302249
2379.77961,0.01718299675
2377.85111,0.01701194941
2375.9226,1.68E-02
2373.99409,1.67E-02
2372.06558,1.65E-02
2370.13707,0.01631773604
2368.20856,0.01614172922
2366.28005,0.01596476187
2364.35155,0.01578684545
2362.42304,1.56E-02
2360.49453,1.55E-02
2358.56602,1.53E-02
2356.63751,1.51E-02
2354.709,1.49E-02
2352.78049,1.47E-02
2350.85199,1.45E-02
2348.92348,0.01433058963
2346.99497,0.01414460527
2345.06646,0.01395777923
2343.13795,1.38E-02
2341.20944,1.36E-02
2339.28093,1.34E-02
2337.35243,1.32E-02
2335.42392,1.31E-02
2333.49541,1.30E-02
2331.5669,1.28E-02
2329.63839,1.28E-02
2327.70988,1.29E-02
2325.78137,0.01326569653
2323.85287,0.01341035719
2321.92436,0.01306431167
2319.99585,1.24E-02
2318.06734,1.18E-02
2316.13883,1.14E-02
2314.21032,1.10E-02
2312.28181,1.07E-02
2310.35331,1.05E-02
2308.4248,1.03E-02
2306.49629,0.01006197088
2304.56778,0.009860108612
2302.63927,9.65E-03
2300.71076,9.53E-03
2298.78225,9.55E-03
2296.85375,9.71E-03
2294.92524,0.009982238745
2292.99673,0.01026703744
2291.06822,0.01031132218
2289.13971,0.0098751052
2287.2112,0.009058398779
2285.28269,8.27E-03
2283.35418,7.74E-03
2281.42568,7.41E-03
2279.49717,7.15E-03
2277.56866,6.93E-03
2275.64015,6.72E-03
2273.71164,6.52E-03
2271.78313,6.32E-03
2269.85462,6.11E-03
2267.92612,5.91E-03
2265.99761,5.71E-03
2264.0691,0.005504251535
2262.14059,0.005292311268
2260.21208,0.005080056076
2258.28357,4.86E-03
2256.35506,4.63E-03
2254.42656,4.41E-03
2252.49805,4.19E-03
2250.56954,4.00E-03
2248.64103,3.83E-03
2246.71252,3.68E-03
2244.78401,3.62E-03
2242.8555,3.78E-03
2240.927,0.004042972532
2238.99849,0.004058090364
2237.06998,0.003643045858
2235.14147,3.06E-03
2233.21296,2.54E-03
2231.28445,2.15E-03
2229.35594,1.82E-03
2227.42744,1.57E-03
2225.49893,1.33E-03
2223.57042,1.09E-03
2221.64191,8.48E-04
2219.7134,6.02E-04
2217.78489,3.66E-04
2215.85638,0.0001405082708
2213.92788,0.00007548304806
2211.99937,0.0002914709952
2210.07086,4.97E-04
2208.14235,7.13E-04
2206.21384,9.29E-04
2204.28533,1.15E-03
2202.35682,1.36E-03
2200.42831,1.57E-03
2198.49981,1.78E-03
2196.5713,1.99E-03
2194.64279,2.19E-03
2192.71428,2.41E-03
2190.78577,2.62E-03
2188.85726,2.84E-03
2186.92875,3.04E-03
2185.00025,3.24E-03
2183.07174,3.44E-03
2181.14323,3.66E-03
2179.21472,3.89E-03
2177.28621,4.14E-03
2175.3577,4.40E-03
2173.42919,4.66E-03
2171.50069,4.93E-03
2169.57218,5.20E-03
2167.64367,5.42E-03
2165.71516,5.58E-03
2163.78665,5.72E-03
2161.85814,5.88E-03
2159.92963,6.08E-03
2158.00113,6.34E-03
2156.07262,6.65E-03
2154.14411,6.97E-03
2152.2156,7.25E-03
2150.28709,7.53E-03
2148.35858,7.83E-03
2146.43007,8.13E-03
2144.50157,8.32E-03
2142.57306,8.41E-03
2140.64455,8.41E-03
2138.71604,8.45E-03
2136.78753,8.56E-03
2134.85902,8.71E-03
2132.93051,8.92E-03
2131.00201,9.11E-03
2129.0735,9.30E-03
2127.14499,9.50E-03
2125.21648,9.72E-03
2123.28797,9.96E-03
2121.35946,1.02E-02
2119.43095,1.05E-02
2117.50245,1.07E-02
2115.57394,1.09E-02
2113.64543,1.11E-02
2111.71692,1.12E-02
2109.78841,1.14E-02
2107.8599,0.01159515491
2105.93139,0.01179141045
2104.00288,1.20E-02
2102.07438,1.22E-02
2100.14587,1.25E-02
2098.21736,1.27E-02
2096.28885,1.28E-02
2094.36034,1.30E-02
2092.43183,1.31E-02
2090.50332,1.33E-02
2088.57482,1.35E-02
2086.64631,1.36E-02
2084.7178,1.38E-02
2082.78929,1.40E-02
2080.86078,1.42E-02
2078.93227,1.44E-02
2077.00376,1.46E-02
2075.07526,1.48E-02
2073.14675,1.50E-02
2071.21824,0.01519291971
2069.28973,1.54E-02
2067.36122,0.01555396065
2065.43271,0.01573309815
2063.5042,0.01591129943
2061.5757,0.01608855297
2059.64719,1.63E-02
2057.71868,1.64E-02
2055.79017,1.66E-02
2053.86166,1.67E-02
2051.93315,1.69E-02
2050.00464,1.71E-02
2048.07614,1.73E-02
2046.14763,1.74E-02
2044.21912,1.76E-02
2042.29061,0.01780672986
2040.3621,1.80E-02
2038.43359,1.81E-02
2036.50508,1.82E-02
2034.57658,1.84E-02
2032.64807,1.86E-02
2030.71956,1.88E-02
2028.79105,1.89E-02
2026.86254,1.91E-02
2024.93403,1.93E-02
2023.00552,1.94E-02
2021.07701,1.96E-02
2019.14851,1.98E-02
2017.22,2.00E-02
2015.29149,2.01E-02
2013.36298,2.02E-02
2011.43447,0.02033150516
2009.50596,2.05E-02
2007.57745,2.06E-02
2005.64895,2.07E-02
2003.72044,2.09E-02
2001.79193,2.10E-02
1999.86342,2.12E-02
1997.93491,2.13E-02
1996.0064,2.15E-02
1994.07789,2.16E-02
1992.14939,2.17E-02
1990.22088,2.19E-02
1988.29237,2.20E-02
1986.36386,2.22E-02
1984.43535,2.23E-02
1982.50684,2.25E-02
1980.57833,2.26E-02
1978.64983,2.27E-02
1976.72132,2.29E-02
1974.79281,2.30E-02
1972.8643,2.31E-02
1970.93579,2.32E-02
1969.00728,2.34E-02
1967.07877,2.35E-02
1965.15027,2.36E-02
1963.22176,2.37E-02
1961.29325,2.37E-02
1959.36474,2.39E-02
1957.43623,2.40E-02
1955.50772,2.40E-02
1953.57921,2.41E-02
1951.65071,2.42E-02
1949.7222,2.43E-02
1947.79369,2.44E-02
1945.86518,2.45E-02
1943.93667,2.47E-02
1942.00816,2.48E-02
1940.07965,2.49E-02
1938.15115,2.50E-02
1936.22264,2.51E-02
1934.29413,2.52E-02
1932.36562,2.53E-02
1930.43711,2.54E-02
1928.5086,2.55E-02
1926.58009,2.56E-02
1924.65158,2.58E-02
1922.72308,2.59E-02
1920.79457,2.59E-02
1918.86606,2.61E-02
1916.93755,2.61E-02
1915.00904,2.62E-02
1913.08053,2.62E-02
1911.15202,0.0262346129
1909.22352,2.63E-02
1907.29501,0.0263824472
1905.3665,2.64E-02
1903.43799,2.65E-02
1901.50948,2.65E-02
1899.58097,2.66E-02
1897.65246,2.66E-02
1895.72396,2.67E-02
1893.79545,2.68E-02
1891.86694,2.69E-02
1889.93843,2.70E-02
1888.00992,2.70E-02
1886.08141,2.71E-02
1884.1529,2.71E-02
1882.2244,0.02718887773
1880.29589,2.73E-02
1878.36738,2.74E-02
1876.43887,2.75E-02
1874.51036,2.75E-02
1872.58185,2.76E-02
1870.65334,2.77E-02
1868.72484,2.78E-02
1866.79633,2.77E-02
1864.86782,2.76E-02
1862.93931,0.02762363047
1861.0108,2.76E-02
1859.08229,2.77E-02
1857.15378,2.77E-02
1855.22528,2.77E-02
1853.29677,0.02777951911
1851.36826,2.78E-02
1849.43975,2.79E-02
1847.51124,2.80E-02
1845.58273,2.82E-02
1843.65422,2.83E-02
1841.72571,2.82E-02
1839.79721,2.81E-02
1837.8687,2.81E-02
1835.94019,2.81E-02
1834.01168,2.82E-02
1832.08317,2.83E-02
1830.15466,2.85E-02
1828.22615,2.85E-02
1826.29765,2.85E-02
1824.36914,2.85E-02
1822.44063,2.85E-02
1820.51212,2.85E-02
1818.58361,2.86E-02
1816.6551,2.86E-02
1814.72659,2.87E-02
1812.79809,2.88E-02
1810.86958,2.89E-02
1808.94107,2.89E-02
1807.01256,0.02898034987
1805.08405,0.02905666128
1803.15554,0.02919131028
1801.22703,0.02932429779
1799.29853,0.02937562493
1797.37002,0.02940529261
1795.44151,0.02952330214
1793.513,0.02974965482
1791.58449,0.02988435206
1789.65598,0.02985739536
1787.72747,0.02984878634
1785.79897,0.02995852685
1783.87046,0.03005661838
1781.94195,0.03012306298
1780.01344,0.03018786265
1778.08493,0.03025101948
1776.15642,0.03037253567
1774.22791,0.03060241351
1772.29941,0.03080065559
1770.3709,0.03081726399
1768.44239,0.03073224148
1766.51388,0.03062559076
1764.58537,0.03054731459
1762.65686,0.03053741584
1760.72835,0.0304058975
1758.79985,0.03009276289
1756.87134,0.02966801464
1754.94283,0.02917165628
1753.01432,0.02869369115
1751.08581,0.0282441227
1749.1573,2.77E-02
1747.22879,2.71E-02
1745.30028,2.67E-02
1743.37178,2.67E-02
1741.44327,0.0265623585
1739.51476,2.66E-02
1737.58625,2.69E-02
1735.65774,0.02744030149
1733.72923,0.02784647411
1731.80072,0.02781108312
1729.87222,0.02764413341
1727.94371,0.02760562876
1726.0152,0.02766557423
1724.08669,0.02774397459
1722.15818,0.0278308347
1720.22967,0.0280261595
1718.30116,0.02827995403
1716.37266,0.02829222388
1714.44415,0.02805297336
1712.51564,0.02777220823
1710.58713,0.0276199339
1708.65862,0.02761615585
1706.73011,0.02767087967
1704.8016,0.02772411102
1702.8731,0.02787585617
1700.94459,0.02805611996
1699.01608,0.02795490883
1697.08757,0.02765222879
1695.15906,0.02729808595
1693.23055,0.02690248653
1691.30204,0.02663543679
1689.37354,0.02655694367
1687.44503,0.02663701251
1685.51652,0.0268556504
1683.58801,0.02688286398
1681.6595,0.02650865995
1679.73099,0.02610304511
1677.80248,0.02604602634
1675.87398,0.02637761122
1673.94547,0.02699780557
1672.01696,0.02813661713
1670.08845,0.02998405311
1668.15994,0.0310501208
1666.23143,0.02964482758
1664.30292,0.0268581809
1662.37441,0.0247201883
1660.44591,0.02353085808
1658.5174,2.29E-02
1656.58889,2.27E-02
1654.66038,2.28E-02
1652.73187,2.28E-02
1650.80336,2.23E-02
1648.87485,2.19E-02
1646.94635,2.18E-02
1645.01784,2.16E-02
1643.08933,2.12E-02
1641.16082,2.10E-02
1639.23231,2.12E-02
1637.3038,2.14E-02
1635.37529,2.13E-02
1633.44679,2.07E-02
1631.51828,0.02026571854
1629.58977,2.01E-02
1627.66126,2.01E-02
1625.73275,2.01E-02
1623.80424,2.00E-02
1621.87573,1.98E-02
1619.94723,1.97E-02
1618.01872,1.98E-02
1616.09021,1.97E-02
1614.1617,1.95E-02
1612.23319,1.93E-02
1610.30468,1.94E-02
1608.37617,0.01953299218
1606.44767,0.019779592
1604.51916,0.0201751062
1602.59065,0.02087954543
1600.66214,0.02222291952
1598.73363,0.02477523839
1596.80512,0.02877651202
1594.87661,0.03285675045
1592.94811,0.03488596468
1591.0196,0.03618416309
1589.09109,0.04061135678
1587.16258,0.04828755605
1585.23407,0.05537277123
1583.30556,0.05665701273
1581.37705,0.049090291
1579.44855,0.03733261749
1577.52004,0.02844400092
1575.59153,0.02355445284
1573.66302,0.02072398393
1571.73451,0.01906260494
1569.806,0.01804032666
1567.87749,0.01713715993
1565.94898,0.01629311565
1564.02048,0.01565820575
1562.09197,0.01537243929
1560.16346,0.0153558283
1558.23495,0.01510838387
1556.30644,1.45E-02
1554.37793,1.38E-02
1552.44942,1.34E-02
1550.52092,0.01306049665
1548.59241,1.28E-02
1546.6639,1.27E-02
1544.73539,1.26E-02
1542.80688,1.27E-02
1540.87837,1.26E-02
1538.94986,1.23E-02
1537.02136,1.18E-02
1535.09285,0.0115081528
1533.16434,1.14E-02
1531.23583,1.11E-02
1529.30732,1.10E-02
1527.37881,1.10E-02
1525.4503,1.11E-02
1523.5218,0.01145481267
1521.59329,0.01188370482
1519.66478,0.01238199515
1517.73627,0.01349969565
1515.80776,0.01644681836
1513.87925,0.02135337536
1511.95074,0.02491937875
1510.02224,0.02359484174
1508.09373,0.01932977437
1506.16522,0.0163341899
1504.23671,0.01574810057
1502.3082,0.01696151865
1500.37969,0.01909445642
1498.45118,0.02124692621
1496.52268,0.02321894144
1494.59417,0.02547051234
1492.66566,0.02843165238
1490.73715,0.031922374
1488.80864,0.03522268964
1486.88013,0.03771261179
1484.95162,0.03924215295
1483.02311,0.03989132563
1481.09461,0.03986014348
1479.1661,0.03961861688
1477.23759,0.03957675951
1475.30908,0.03984458398
1473.38057,0.0403821029
1471.45206,0.04169932893
1469.52355,0.04592627473
1467.59505,0.05733295407
1465.66654,0.07611937745
1463.73803,0.09098555868
1461.80952,0.09139151048
1459.88101,0.08308724558
1457.9525,0.07608277674
1456.02399,0.07223811673
1454.09549,0.06989327942
1452.16698,0.06812827537
1450.23847,0.0664331185
1448.30996,0.0644678216
1446.38145,0.06236239749
1444.45294,0.06063685899
1442.52443,0.05980121891
1440.59593,0.06013549122
1438.66742,0.06159968651
1436.73891,0.06379381874
1434.8104,0.06622790076
1432.88189,0.06882194542
1430.95338,0.07133596556
1429.02487,0.07309002596
1427.09637,0.07388601516
1425.16786,0.07319199145
1423.23935,0.07088794083
1421.31084,0.06702385047
1419.38233,0.06169970752
1417.45382,0.05513549912
1415.52531,0.04802121245
1413.59681,0.04112683354
1411.6683,0.0349423518
1409.73979,0.02961775329
1407.81128,0.02520302519
1405.88277,0.02162815469
1403.95426,0.01867312899
1402.02575,0.0162479353
1400.09725,0.01430255972
1398.16874,0.0127369917
1396.24023,0.01145121738
1394.31172,0.010415224
1392.38321,0.009618998836
1390.4547,0.009362529158
1388.52619,0.01085580226
1386.59768,0.01682880546
1384.66918,0.02560152497
1382.74067,0.02715395035
1380.81216,0.01898606784
1378.88365,0.01112786483
1376.95514,0.00822932871
1375.02663,0.007400446901
1373.09812,6.93E-03
1371.16962,6.78E-03
1369.24111,6.92E-03
1367.3126,7.27E-03
1365.38409,7.60E-03
1363.45558,7.71E-03
1361.52707,7.66E-03
1359.59856,0.007695443617
1357.67006,7.87E-03
1355.74155,8.04E-03
1353.81304,8.23E-03
1351.88453,8.42E-03
1349.95602,8.64E-03
1348.02751,8.87E-03
1346.099,0.009137247396
1344.1705,9.40E-03
1342.24199,9.78E-03
1340.31348,1.04E-02
1338.38497,0.01124944232
1336.45646,0.01199104131
1334.52795,0.01216203624
1332.59944,0.01202241517
1330.67094,0.01224216513
1328.74243,0.01304127631
1326.81392,0.01407973582
1324.88541,0.01543753185
1322.9569,0.01805465264
1321.02839,0.02370108645
1319.09988,0.03667682159
1317.17138,0.0641318454
1315.24287,0.1015861483
1313.31436,0.1182697177
1311.38585,0.09478254218
1309.45734,0.05822461013
1307.52883,0.03531591019
1305.60032,0.02608643095
1303.67181,0.0224861611
1301.74331,0.02035508835
1299.8148,0.01852320342
1297.88629,0.01707049415
1295.95778,0.01629694938
1294.02927,0.01608255802
1292.10076,0.01611730903
1290.17225,0.0163111914
1288.24375,0.01660419326
1286.31524,0.01693630561
1284.38673,0.01724751666
1282.45822,0.01750781563
1280.52971,0.01773719179
1278.6012,0.01797563446
1276.67269,0.01822313304
1274.74419,0.01840967603
1272.81568,0.01847525477
1270.88717,0.0182598579
1268.95866,1.77E-02
1267.03015,1.72E-02
1265.10164,0.01708770996
1263.17313,1.75E-02
1261.24463,0.0185178768
1259.31612,0.01964641011
1257.38761,0.02062389632
1255.4591,0.02138032548
1253.53059,0.02195568767
1251.60208,0.02241997306
1249.67357,0.02282317186
1247.74507,0.02315527354
1245.81656,0.02346627012
1243.88805,0.02378615119
1241.95954,0.02416490722
1240.03103,0.02449252878
1238.10252,0.02470900647
1236.17401,0.024874331
1234.24551,0.02503849232
1232.317,0.02527148285
1230.38849,0.0255132927
1228.45998,0.02575391282
1226.53147,0.02598333426
1224.60296,0.02625154812
1222.67445,0.02652854558
1220.74595,0.02677431715
1218.81744,0.02704885565
1216.88893,0.02733215174
1214.96042,0.02765419688
1213.03191,0.02793498262
1211.1034,0.02820450058
1209.17489,0.02846274246
1207.24638,0.02873970004
1205.31788,0.02904536446
1203.38937,0.02935972907
1201.46086,0.02975278515
1199.53235,0.03026452478
1197.60384,0.03105494014
1195.67533,0.03230402346
1193.74682,0.03436176705
1191.81832,0.03829816267
1189.88981,0.04663320411
1187.9613,0.06435688325
1186.03279,0.09426919275
1184.10428,0.1222801253
1182.17577,0.1204196738
1180.24726,0.08985783102
1178.31876,0.06102458937
1176.39025,0.04630994313
1174.46174,0.03925388481
1172.53323,0.03485640763
1170.60472,0.0324175049
1168.67621,0.03132717
1166.7477,0.03095539642
1164.8192,0.03106217715
1162.89069,0.03163750696
1160.96218,0.03282137902
1159.03367,0.03509378714
1157.10516,0.04063472524
1155.17665,0.06037418731
1153.24814,0.1180021674
1151.31964,0.2053786593
1149.39113,0.2400236581
1147.46262,0.1889771577
1145.53411,0.1211791526
1143.6056,0.0730996373
1141.67709,0.04784860638
1139.74858,0.03902605457
1137.82008,0.03614197622
1135.89157,0.03438636712
1133.96306,0.03320922178
1132.03455,0.03245053527
1130.10604,0.03167030277
1128.17753,0.03082851952
1126.24902,0.03008518087
1124.32051,0.02951028225
1122.39201,0.02917381883
1120.4635,0.02896578698
1118.53499,0.02886618204
1116.60648,0.02866499982
1114.67797,0.02829223622
1112.74946,0.02778788725
1110.82095,2.73E-02
1108.89245,2.71E-02
1106.96394,2.69E-02
1105.03543,2.70E-02
1103.10692,2.71E-02
1101.17841,0.0270682881
1099.2499,2.72E-02
1097.32139,2.74E-02
1095.39289,2.79E-02
1093.46438,0.02865638888
1091.53587,0.02932436387
1089.60736,0.02927071289
1087.67885,0.02900543318
1085.75034,0.02908852209
1083.82183,0.02943997704
1081.89333,0.02987979538
1079.96482,0.03029797514
1078.03631,0.03072451385
1076.1078,0.03111940932
1074.17929,0.03157265948
1072.25078,0.03203426236
1070.32227,0.03248421606
1068.39377,0.03289251868
1066.46526,0.03322916881
1064.53675,0.03353416472
1062.60824,0.03379750492
1060.67973,0.03405918802
1058.75122,0.03429921274
1056.82271,0.03454757788
1054.89421,0.03479428226
1052.9657,0.03505932507
1051.03719,0.03542270532
1049.10868,0.03591442221
1047.18017,0.03656447505
1045.25166,0.03732286324
1043.32315,0.03806958627
1041.39465,0.03866464373
1039.46614,0.03894803537
1037.53763,0.03890976095
1035.60912,0.03861982038
1033.68061,0.03828821365
1031.7521,0.03810494085
1029.82359,0.03826000218
1027.89508,0.03891339793
1025.96658,0.03996512855
1024.03807,0.04095519444
1022.10956,0.04139359623
1020.18105,0.04150033461
1018.25254,0.04184541037
1016.32403,0.04287882439
1014.39552,0.04486057767
1012.46702,0.0480406714
1010.53851,0.05315910655
1008.61,0.06156588451
1006.68149,0.07567100666
1004.75298,0.09832447448
1002.82447,0.1289462895
1000.89596,0.1568664535
998.96746,0.1644149684
997.03895,0.1464018357
995.11044,0.1164370575
993.18193,0.08923063595
991.25342,0.06985257318
989.32491,0.05721287145
987.3964,0.04900153314
985.4679,0.04350856092
983.53939,0.03970395691
981.61088,0.03696772398
979.68237,0.03498986489
977.75386,0.03357038248
975.82535,0.03250927969
973.89684,0.03166655958
971.96834,0.03095222555
970.03983,0.03036628028
968.11132,0.02992872737
966.18281,0.02965957026
964.2543,0.02956881246
962.32579,0.02982645758
960.39728,0.03106250934
958.46878,0.03606697189
956.54027,0.04653984844
954.61176,0.05324114333
952.68325,0.04624086065
950.75474,0.03401900457
948.82623,0.02783557937
946.89772,2.65E-02
944.96922,2.65E-02
943.04071,2.66E-02
941.1122,2.66E-02
939.18369,2.62E-02
937.25518,2.60E-02
935.32667,2.58E-02
933.39816,2.57E-02
931.46965,2.56E-02
929.54115,2.55E-02
927.61264,2.53E-02
925.68413,2.52E-02
923.75562,2.51E-02
921.82711,2.51E-02
919.8986,2.50E-02
917.97009,0.0249112252
916.04159,2.48E-02
914.11308,2.48E-02
912.18457,2.48E-02
910.25606,2.46E-02
908.32755,2.45E-02
906.39904,0.02429306086
904.47053,2.42E-02
902.54203,2.41E-02
900.61352,2.39E-02
898.68501,2.37E-02
896.7565,2.35E-02
894.82799,2.33E-02
892.89948,2.31E-02
890.97097,2.29E-02
889.04247,2.27E-02
887.11396,2.25E-02
885.18545,2.24E-02
883.25694,2.22E-02
881.32843,2.20E-02
879.39992,2.19E-02
877.47141,2.18E-02
875.54291,2.17E-02
873.6144,2.16E-02
871.68589,2.16E-02
869.75738,2.17E-02
867.82887,2.18E-02
865.90036,2.19E-02
863.97185,2.21E-02
862.04335,2.22E-02
860.11484,2.23E-02
858.18633,0.0223742814
856.25782,0.02241232582
854.32931,0.02240911869
852.4008,0.02241466852
850.47229,0.02241898393
848.54378,0.02234207356
846.61528,0.02224394695
844.68677,0.02226461136
842.75826,0.02260407644
840.82975,0.02375235117
838.90124,0.02585944455
836.97273,0.0268053657
835.04422,0.02480012378
833.11572,0.02182372884
831.18721,0.02009618858
829.2587,1.93E-02
827.33019,1.86E-02
825.40168,1.82E-02
823.47317,1.80E-02
821.54466,1.80E-02
819.61616,1.81E-02
817.68765,1.82E-02
815.75914,1.83E-02
813.83063,1.81E-02
811.90212,1.78E-02
809.97361,1.75E-02
808.0451,1.72E-02
806.1166,0.01692837106
804.18809,1.68E-02
802.25958,1.68E-02
800.33107,1.66E-02
798.40256,0.01623223274